layerCount,neuronCount,neuronInputCount,trainMACE,testMACE,trainARGM,testARGM
1,1,1,0.05115821,0.05072746,0.0904,0.0852
1,11,1,0.05160771,0.051137645,0.08781666,0.084
11,1,1,0.051660158,0.051171284,0.0881,0.084
1,1,11,0.051353037,0.050619293,0.089266665,0.0847
1,1,21,0.051243,0.050763868,0.08856667,0.0847
21,1,1,0.05120877,0.050685197,0.08705,0.0828
1,21,1,0.05173319,0.051194586,0.088933334,0.0849
31,1,1,0.051493485,0.05098008,0.0888,0.0851
1,31,1,0.05194092,0.051441245,0.088366665,0.0855
1,1,31,0.05101569,0.050506346,0.08995,0.0855
1,41,1,0.05029249,0.049776264,0.08835,0.0843
1,1,41,0.051412962,0.051061828,0.0877,0.0853
41,1,1,0.051297408,0.050631,0.08753333,0.0821
1,51,1,0.051134918,0.050440557,0.08805,0.0839
51,1,1,0.051397882,0.050842296,0.08978333,0.0868
1,1,51,0.05112071,0.050668012,0.08738333,0.0841
1,1,61,0.05210433,0.05178783,0.08981667,0.0879
1,61,1,0.0516483,0.050910376,0.08698333,0.0832
61,1,1,0.049899388,0.049326185,0.08908334,0.0861
1,1,71,0.05115644,0.050922226,0.08755,0.0822
1,71,1,0.05127915,0.050636414,0.09091666,0.0875
71,1,1,0.05119465,0.05036666,0.08793333,0.0854
1,81,1,0.051232267,0.050685138,0.08771667,0.0846
1,1,81,0.051741567,0.051402565,0.08785,0.0847
81,1,1,0.051560313,0.05094376,0.08826666,0.0861
91,1,1,0.050697453,0.050146144,0.08735,0.0829
1,1,91,0.050608553,0.05000674,0.08888333,0.0851
1,91,1,0.051226847,0.050407548,0.089616664,0.0834
1,11,11,0.050915565,0.050361093,0.08695,0.0856
11,11,1,0.05111387,0.05070095,0.08866667,0.0873
11,1,11,0.05116724,0.050612807,0.08756667,0.0851
1,21,11,0.050378874,0.049819943,0.08748333,0.0839
1,11,21,0.051353104,0.05080883,0.0883,0.0849
21,1,11,0.051537357,0.050877437,0.08835,0.0851
11,1,21,0.052191213,0.051736917,0.087466665,0.0854
11,21,1,0.05110785,0.05044847,0.08828333,0.0831
21,11,1,0.05167985,0.051146455,0.08765,0.0828
31,11,1,0.050866265,0.050379213,0.08685,0.0836
1,31,11,0.050253667,0.04958333,0.08703333,0.0837
11,1,31,0.04942311,0.048811357,0.084133334,0.0809
31,1,11,0.050242353,0.04964625,0.0867,0.0849
11,31,1,0.050539274,0.049879648,0.090333335,0.0854
1,11,31,0.050118104,0.049773585,0.08618333,0.0834
21,1,21,0.049817678,0.049264945,0.08496667,0.0822
1,21,21,0.04999767,0.049345616,0.08516667,0.0802
21,21,1,0.05126783,0.050607763,0.0877,0.0832
11,41,1,0.05022053,0.04960642,0.08825,0.0853
1,11,41,0.049712475,0.04919609,0.08341666,0.0796
41,1,11,0.04942435,0.048738346,0.087,0.0816
1,41,11,0.05090299,0.050151996,0.086166665,0.0832
11,1,41,0.049910985,0.04936185,0.08528333,0.0829
41,11,1,0.050368834,0.04978536,0.08875,0.0854
11,51,1,0.05088851,0.050209615,0.08766667,0.083
51,11,1,0.050684124,0.0501155,0.0868,0.0832
51,1,11,0.050597202,0.050011795,0.08581667,0.0824
1,51,11,0.05098414,0.05026421,0.08495,0.0834
1,11,51,0.050029263,0.049728736,0.08415,0.0812
11,1,51,0.049455978,0.04907188,0.0821,0.0794
31,21,1,0.050123367,0.049545243,0.08933333,0.087
21,31,1,0.05107633,0.050701857,0.08873333,0.0859
1,31,21,0.050356835,0.049842548,0.08623333,0.0826
31,1,21,0.049718007,0.049055524,0.08546667,0.0819
21,1,31,0.049670972,0.04927946,0.0837,0.081
1,21,31,0.05029958,0.049845196,0.084916666,0.0823
11,1,61,0.049243204,0.048991833,0.08106667,0.0776
61,11,1,0.05046485,0.049679525,0.08855,0.0857
1,61,11,0.050132554,0.049734637,0.08675,0.0845
11,61,1,0.050197974,0.04952368,0.08646667,0.084
61,1,11,0.049773663,0.04924528,0.086433336,0.0841
1,11,61,0.050524063,0.050294038,0.08115,0.0798
1,11,71,0.04946778,0.0491122,0.082216665,0.0793
71,11,1,0.050656747,0.050164293,0.088366665,0.0849
71,1,11,0.0498352,0.049350332,0.08688334,0.0844
11,1,71,0.04892821,0.04870136,0.08225,0.0805
1,71,11,0.049520314,0.048931945,0.08568333,0.0816
11,71,1,0.05062376,0.04978743,0.0878,0.084
41,1,21,0.04964155,0.049195737,0.0849,0.0818
21,41,1,0.050323796,0.049384102,0.0897,0.0855
1,21,41,0.049556497,0.049185976,0.0838,0.0804
1,41,21,0.05010743,0.04954871,0.08465,0.083
21,1,41,0.048408836,0.047965,0.08236667,0.0787
41,21,1,0.049859233,0.049360186,0.0889,0.0841
81,1,11,0.049998507,0.049497046,0.08575,0.0832
11,81,1,0.050072674,0.04947602,0.08985,0.0847
1,11,81,0.049614597,0.04919866,0.08273333,0.082
11,1,81,0.04905088,0.048619132,0.08471667,0.0808
1,81,11,0.049923636,0.04942581,0.08635,0.0832
81,11,1,0.050816227,0.050306212,0.08776667,0.0836
1,31,31,0.048109077,0.04773751,0.0813,0.0792
31,31,1,0.050542973,0.04986379,0.08685,0.0837
31,1,31,0.05092192,0.050358403,0.08303333,0.0796
11,1,91,0.047698196,0.0474663,0.078616664,0.0751
91,11,1,0.051209643,0.050684903,0.08765,0.0841
1,11,91,0.05039109,0.04986934,0.0843,0.0822
11,91,1,0.0505499,0.049856454,0.08798333,0.0852
1,91,11,0.050639533,0.050253242,0.08501667,0.0836
91,1,11,0.0501251,0.049653243,0.0839,0.0823
51,21,1,0.05087732,0.050204854,0.08805,0.0856
21,1,51,0.048918314,0.048173107,0.08325,0.0785
51,1,21,0.05004769,0.049387384,0.08385,0.081
21,51,1,0.050668545,0.049998034,0.08795,0.0863
1,51,21,0.04961315,0.049330845,0.084233336,0.0836
1,21,51,0.0489106,0.048582684,0.082333334,0.0783
41,31,1,0.050019298,0.04951969,0.0871,0.0845
1,31,41,0.04750275,0.047228683,0.07833333,0.077
1,41,31,0.0493466,0.04874383,0.08115,0.0791
31,1,41,0.04784078,0.047635663,0.07998333,0.0782
41,1,31,0.049038798,0.048509974,0.0829,0.0801
31,41,1,0.049560618,0.048804462,0.08868334,0.0842
61,21,1,0.050680418,0.05003773,0.08873333,0.0856
21,1,61,0.049171567,0.048596933,0.08133333,0.0779
1,21,61,0.048070796,0.047693226,0.079616666,0.0781
21,61,1,0.050431576,0.049883574,0.08731667,0.0836
1,61,21,0.049015295,0.048521798,0.08565,0.0821
61,1,21,0.048030447,0.047496416,0.0798,0.0775
11,11,11,0.04940205,0.048792552,0.08335,0.0794
1,21,71,0.046505928,0.04599226,0.073816665,0.0708
1,71,21,0.048925787,0.048634663,0.08036666,0.0781
71,1,21,0.04786579,0.047097348,0.08225,0.0775
71,21,1,0.051527593,0.050770883,0.0859,0.0816
21,1,71,0.048592668,0.048441097,0.07765,0.0758
21,71,1,0.05076394,0.050239194,0.08693333,0.0843
1,51,31,0.048054244,0.047484484,0.0824,0.0798
51,31,1,0.049724843,0.04904195,0.08628333,0.0848
31,1,51,0.04851561,0.04798839,0.07806667,0.0751
31,51,1,0.05112295,0.050465498,0.087516665,0.087
51,1,31,0.048719723,0.048411686,0.081266664,0.0788
1,31,51,0.047176346,0.046783373,0.07805,0.0744
1,41,41,0.04777937,0.047479667,0.08021667,0.0775
41,41,1,0.05117353,0.050408293,0.0878,0.0851
41,1,41,0.047152985,0.046879552,0.07616667,0.076
1,21,81,0.04689394,0.046818603,0.0764,0.0754
81,1,21,0.04830187,0.047924083,0.08043333,0.079
81,21,1,0.05019093,0.049459316,0.088416666,0.0851
21,1,81,0.046996154,0.04664665,0.0766,0.0763
21,81,1,0.051265024,0.050689496,0.0886,0.085
1,81,21,0.048433673,0.047860876,0.08043333,0.0779
61,31,1,0.04987127,0.049203526,0.086383335,0.083
61,1,31,0.048157126,0.0476235,0.07796667,0.0757
31,61,1,0.05090465,0.050298683,0.08671667,0.0827
31,1,61,0.047090586,0.046523012,0.076016665,0.077
1,31,61,0.047829133,0.04754392,0.079283334,0.0772
1,61,31,0.048786893,0.04840849,0.07836667,0.0778
21,1,91,0.046318967,0.046055526,0.07491667,0.0742
1,91,21,0.047079466,0.046528954,0.07836667,0.0764
1,21,91,0.046890914,0.046618283,0.076733336,0.0745
21,91,1,0.049899247,0.04936773,0.08821667,0.0849
91,1,21,0.047714897,0.04735446,0.079383336,0.0768
91,21,1,0.05091015,0.05018368,0.086566664,0.0837
51,1,41,0.0472779,0.046991654,0.07558333,0.0743
1,41,51,0.046660617,0.046389513,0.0762,0.0747
51,41,1,0.050989885,0.050226483,0.086566664,0.0833
1,51,41,0.04677172,0.04644595,0.076016665,0.0739
41,1,51,0.046150096,0.045849692,0.076416664,0.0737
41,51,1,0.050691895,0.050196625,0.08668333,0.0822
31,1,71,0.045930296,0.045601934,0.07385,0.0738
71,1,31,0.047886144,0.047329955,0.07895,0.0766
31,71,1,0.04975315,0.049287196,0.08776667,0.086
71,31,1,0.05034998,0.049752094,0.08761667,0.0856
1,71,31,0.04640712,0.046080448,0.07625,0.0734
1,31,71,0.046336375,0.045996983,0.072966665,0.0717
1,41,61,0.047996707,0.0476252,0.0761,0.0748
41,61,1,0.050194163,0.04968604,0.087183334,0.084
61,1,41,0.046552666,0.046314836,0.07748333,0.0761
61,41,1,0.04982805,0.049004342,0.0878,0.0824
1,61,41,0.046434503,0.0461127,0.0743,0.0737
41,1,61,0.045764104,0.045431606,0.074533336,0.0736
31,81,1,0.051128034,0.05042953,0.08625,0.0817
1,31,81,0.046711285,0.04632371,0.0754,0.0733
81,31,1,0.049670625,0.049013607,0.08695,0.0828
1,81,31,0.047117084,0.04663649,0.075666666,0.0739
81,1,31,0.046526864,0.046074014,0.07783333,0.0746
31,1,81,0.045867436,0.045392007,0.07446667,0.0728
11,21,11,0.047815148,0.047384374,0.081,0.078
21,11,11,0.047706105,0.047210254,0.08208334,0.0793
11,11,21,0.046918858,0.046595942,0.07885,0.0766
1,51,51,0.046265196,0.046049833,0.07526667,0.0747
51,51,1,0.049919393,0.049307507,0.0875,0.0837
51,1,51,0.04512381,0.044784863,0.070933335,0.0691
1,31,91,0.04519472,0.0447721,0.07055,0.069
91,31,1,0.050027717,0.04925895,0.08603334,0.0819
91,1,31,0.04631276,0.04608458,0.076066665,0.0757
1,91,31,0.046830818,0.04646075,0.07825,0.0757
31,91,1,0.050413173,0.0495668,0.08705,0.0808
31,1,91,0.04579325,0.045299146,0.07196666,0.069
1,71,41,0.04564827,0.04511068,0.07368334,0.0719
1,41,71,0.045507174,0.044889864,0.07175,0.0705
41,1,71,0.046570163,0.04623914,0.07481667,0.0719
71,41,1,0.050812263,0.050102774,0.08556667,0.0824
41,71,1,0.049843136,0.049117763,0.08765,0.085
71,1,41,0.045330588,0.04484291,0.072116666,0.0698
61,51,1,0.05012088,0.04953474,0.08775,0.0837
1,51,61,0.045572687,0.04509612,0.07271667,0.0724
51,61,1,0.049385555,0.048756264,0.08513334,0.0825
1,61,51,0.04546446,0.045181427,0.07193334,0.0696
51,1,61,0.04503387,0.04466711,0.07066666,0.0685
61,1,51,0.044901364,0.04452494,0.073133335,0.0703
81,1,41,0.0454144,0.04507487,0.07378333,0.0717
1,41,81,0.04608419,0.04604365,0.07083333,0.0701
1,81,41,0.0459541,0.045586962,0.07345,0.0716
41,1,81,0.044895187,0.044486567,0.07056667,0.0676
81,41,1,0.04991286,0.04940741,0.08953334,0.0875
41,81,1,0.051387805,0.050648082,0.08761667,0.0825
71,1,51,0.044691354,0.044454742,0.0715,0.0697
51,71,1,0.050392438,0.04987498,0.086433336,0.0834
51,1,71,0.044315428,0.044077933,0.071266666,0.0694
1,71,51,0.043581817,0.0433382,0.07045,0.0686
1,51,71,0.04496857,0.044748783,0.07056667,0.0705
71,51,1,0.050754257,0.050288532,0.08613333,0.0821
61,1,61,0.043340106,0.0429288,0.06855,0.0652
1,61,61,0.04442144,0.044169847,0.07106667,0.0707
61,61,1,0.05094945,0.050206833,0.086666666,0.0824
41,91,1,0.050017312,0.049521014,0.0871,0.0852
91,1,41,0.046130553,0.045980785,0.0731,0.0714
41,1,91,0.044152338,0.043930326,0.06848333,0.0679
91,41,1,0.050292917,0.049705714,0.086433336,0.085
1,41,91,0.044531986,0.044435654,0.06985,0.0677
1,91,41,0.045730922,0.04541811,0.07503334,0.0733
31,11,11,0.047103893,0.046712767,0.0767,0.0756
11,31,11,0.046709195,0.046003275,0.07825,0.0762
11,11,31,0.045950867,0.045548756,0.07593333,0.0744
51,1,81,0.044244986,0.043989725,0.06751667,0.0675
81,51,1,0.05103983,0.05062198,0.08845,0.0848
1,51,81,0.044213768,0.044103917,0.06858333,0.0682
1,81,51,0.0438078,0.04325584,0.06855,0.0644
81,1,51,0.04438274,0.043866035,0.06925,0.0689
51,81,1,0.050664786,0.05009916,0.086833335,0.0839
1,71,61,0.04534014,0.044850055,0.07068333,0.0687
61,1,71,0.044164777,0.043799106,0.0671,0.0671
71,1,61,0.043724693,0.04323392,0.067216665,0.0666
61,71,1,0.050414253,0.04985395,0.08625,0.0852
1,61,71,0.04419057,0.044226885,0.067883335,0.0688
71,61,1,0.04941044,0.048842814,0.08725,0.0833
51,91,1,0.050746214,0.049941406,0.085883334,0.0826
1,91,51,0.04345748,0.043144796,0.07061667,0.0688
51,1,91,0.043232225,0.04291447,0.0665,0.0659
91,1,51,0.044096883,0.043655526,0.0694,0.0664
91,51,1,0.04950909,0.048618447,0.08573333,0.0826
1,51,91,0.04396292,0.043744657,0.06741667,0.0671
21,11,21,0.0449199,0.04442771,0.07351667,0.071
21,21,11,0.047636934,0.047410034,0.0775,0.0762
11,21,21,0.0457265,0.045230392,0.0745,0.072
81,1,61,0.044301797,0.0443491,0.0662,0.0667
61,1,81,0.043087587,0.042816743,0.065516666,0.0655
61,81,1,0.050192785,0.049665503,0.0859,0.083
81,61,1,0.049382333,0.048715122,0.087633334,0.0827
1,61,81,0.044171266,0.043817412,0.0684,0.0649
1,81,61,0.04433303,0.044013422,0.0662,0.0654
11,11,41,0.04382667,0.043594126,0.06893333,0.068
41,11,11,0.047411636,0.047129527,0.07698333,0.0772
11,41,11,0.04682865,0.04645766,0.07373333,0.0707
71,71,1,0.05038492,0.049806636,0.08681667,0.0836
1,71,71,0.043422103,0.043120798,0.0667,0.0635
71,1,71,0.041863706,0.041565537,0.06346667,0.0638
61,1,91,0.042865857,0.042567946,0.0658,0.0645
1,61,91,0.041918267,0.04157108,0.062866665,0.0618
91,61,1,0.050843693,0.05036188,0.08665,0.083
61,91,1,0.049817286,0.04918377,0.085983336,0.0812
91,1,61,0.04210637,0.041902144,0.063216664,0.0627
1,91,61,0.043809865,0.043552775,0.0661,0.0676
81,1,71,0.04208266,0.04193224,0.06533334,0.0643
71,1,81,0.042032685,0.0417095,0.06361666,0.0619
81,71,1,0.05014461,0.049608253,0.08933333,0.0862
71,81,1,0.050690904,0.049958717,0.08875,0.0857
1,81,71,0.042578507,0.042347748,0.06505,0.0653
1,71,81,0.0440538,0.043858044,0.06615,0.0651
11,11,51,0.04274141,0.04233157,0.064833336,0.0652
11,51,11,0.046013135,0.04559331,0.07451667,0.0725
51,11,11,0.046984598,0.046565328,0.07536667,0.074
91,71,1,0.049756438,0.049253974,0.08716667,0.0858
71,91,1,0.04965405,0.049015217,0.0863,0.0844
71,1,91,0.041873768,0.041791607,0.06106667,0.0586
1,71,91,0.041311305,0.041102868,0.062133335,0.0599
91,1,71,0.042864654,0.042732906,0.06423333,0.0644
1,91,71,0.04289576,0.04252876,0.06465,0.0631
81,81,1,0.04984376,0.049200296,0.085083336,0.082
81,1,81,0.041566774,0.041254815,0.0637,0.0623
1,81,81,0.04246535,0.042320285,0.06275,0.0622
31,11,21,0.043055248,0.042706866,0.067,0.0658
31,21,11,0.045415003,0.044944398,0.07345,0.0721
11,21,31,0.042194415,0.041965395,0.06373333,0.0633
21,11,31,0.042553723,0.04227041,0.066633336,0.0656
21,31,11,0.04600054,0.04561011,0.07438333,0.0722
11,31,21,0.04279875,0.042638525,0.06756666,0.0676
1,81,91,0.042507786,0.042332668,0.06468333,0.0652
81,91,1,0.049838874,0.049157787,0.08645,0.0833
91,1,81,0.041322313,0.0410975,0.060283333,0.0601
81,1,91,0.040320847,0.04003793,0.057283334,0.0582
91,81,1,0.049985677,0.049258895,0.08916666,0.0857
1,91,81,0.04206043,0.04170186,0.061383333,0.0634
61,11,11,0.04506426,0.04480406,0.071833335,0.0716
11,11,61,0.04098663,0.04087116,0.06283333,0.062
11,61,11,0.044734094,0.04447882,0.071383335,0.0712
91,91,1,0.049453877,0.0489099,0.08726667,0.0843
1,91,91,0.041484006,0.04137645,0.061183333,0.0612
91,1,91,0.040136863,0.039969407,0.060283333,0.0596
11,71,11,0.04455108,0.04432634,0.070266664,0.0695
71,11,11,0.045505628,0.045117382,0.07213333,0.0704
11,11,71,0.04113206,0.04102145,0.060816668,0.0609
21,21,21,0.04194107,0.041703418,0.06555,0.0662
21,11,41,0.040783416,0.04041076,0.059333332,0.0585
11,41,21,0.042644765,0.04230772,0.066,0.0654
41,21,11,0.043834116,0.043607123,0.07005,0.0687
11,21,41,0.04014471,0.039998412,0.059216667,0.0606
41,11,21,0.04151395,0.041483995,0.062633336,0.0609
21,41,11,0.04380382,0.043696113,0.07096667,0.0694
11,81,11,0.04501125,0.044785082,0.0705,0.0709
81,11,11,0.044840336,0.044443756,0.07101667,0.0684
11,11,81,0.040140767,0.039924957,0.05485,0.0557
11,31,31,0.04041275,0.04017644,0.05998333,0.06
31,11,31,0.04095423,0.040836163,0.058266666,0.0595
31,31,11,0.044261258,0.0438709,0.070983335,0.0696
11,11,91,0.038911562,0.038966157,0.05401667,0.0535
91,11,11,0.044417858,0.044119976,0.0707,0.0697
11,91,11,0.044057515,0.04398988,0.067933336,0.0686
11,21,51,0.038423087,0.038437672,0.05401667,0.0548
51,11,21,0.04148891,0.041477665,0.061916668,0.0618
21,51,11,0.043504767,0.04332504,0.06808333,0.0658
51,21,11,0.044131912,0.04369575,0.06933333,0.0681
21,11,51,0.03869104,0.038700286,0.054233335,0.0546
11,51,21,0.041319117,0.041029975,0.06145,0.0612
31,21,21,0.040586833,0.040436875,0.06005,0.0586
21,21,31,0.039289497,0.03924612,0.056466665,0.0551
21,31,21,0.04159775,0.041326337,0.058983333,0.059
31,11,41,0.038932044,0.03872914,0.056016665,0.0559
11,41,31,0.038102303,0.037851635,0.053633332,0.0538
41,31,11,0.043937974,0.043673974,0.06866667,0.067
11,31,41,0.038754985,0.038812563,0.05605,0.0594
41,11,31,0.039750326,0.0395228,0.056333333,0.0553
31,41,11,0.043273766,0.042862266,0.06791667,0.0662
61,21,11,0.04332214,0.043073304,0.0666,0.0658
21,11,61,0.039169118,0.03925976,0.055666666,0.0549
11,21,61,0.03762027,0.03773224,0.05165,0.0527
11,61,21,0.03981848,0.03962472,0.0584,0.0583
21,61,11,0.044610165,0.044271875,0.068283334,0.0666
61,11,21,0.040303633,0.040282823,0.060066666,0.0609
21,71,11,0.043169744,0.04295046,0.06685,0.0652
11,21,71,0.036861997,0.0369289,0.04965,0.0497
71,21,11,0.04335361,0.042947955,0.066983335,0.066
71,11,21,0.040670484,0.04055037,0.058,0.0584
11,71,21,0.038792,0.038718138,0.057133332,0.0567
21,11,71,0.036984485,0.03719691,0.04965,0.0492
11,51,31,0.037630923,0.037701204,0.053283334,0.0528
31,11,51,0.036879513,0.03707775,0.04945,0.0511
11,31,51,0.036019582,0.03593215,0.0494,0.0509
51,31,11,0.04387711,0.043632075,0.06538333,0.0646
51,11,31,0.039124988,0.03938077,0.055633333,0.058
31,51,11,0.04339784,0.04312693,0.066533335,0.0667
21,21,41,0.03704666,0.037107497,0.04925,0.051
41,21,21,0.04027015,0.04028461,0.057183333,0.0577
21,41,21,0.038838055,0.038642306,0.05776667,0.0567
41,11,41,0.03739869,0.037310157,0.0494,0.0506
41,41,11,0.042780187,0.042262025,0.06606667,0.0652
11,41,41,0.036992464,0.03688904,0.050383333,0.0517
11,21,81,0.035851244,0.03604837,0.046,0.0471
21,11,81,0.03643187,0.03679492,0.047233332,0.0492
81,21,11,0.042021185,0.041898016,0.063716665,0.0626
21,81,11,0.04299103,0.04294761,0.06708334,0.0691
81,11,21,0.039562862,0.03947766,0.05686667,0.0554
11,81,21,0.039410237,0.0392649,0.057916667,0.0581
21,31,31,0.037626136,0.037655376,0.050216667,0.0531
31,31,21,0.039337046,0.039351694,0.05625,0.0573
31,21,31,0.03740912,0.03731562,0.052483335,0.0546
31,61,11,0.043721102,0.043619704,0.068383336,0.0689
11,61,31,0.037504394,0.037067346,0.051,0.0505
61,31,11,0.042548873,0.04241546,0.06521667,0.0663
61,11,31,0.037659574,0.03748766,0.0522,0.051
31,11,61,0.036064174,0.03614968,0.048233334,0.0504
11,31,61,0.03547827,0.035732206,0.044933334,0.0482
21,91,11,0.041192833,0.04112788,0.06403334,0.064
11,21,91,0.0356327,0.035842836,0.046833333,0.0512
21,11,91,0.035401545,0.035663355,0.046616666,0.0487
91,11,21,0.038823634,0.03895052,0.056333333,0.0545
91,21,11,0.042366605,0.04190456,0.06368333,0.0617
11,91,21,0.039062046,0.03913237,0.054683335,0.0543
21,51,21,0.03972287,0.03972264,0.055233333,0.0554
51,21,21,0.038005747,0.03809037,0.053833332,0.0555
21,21,51,0.037232753,0.037158236,0.0495,0.0515
51,11,41,0.035359137,0.035464186,0.04741667,0.0482
41,11,51,0.03630453,0.03658121,0.048033334,0.0484
41,51,11,0.042717528,0.042784665,0.0636,0.0626
11,51,41,0.037847098,0.03827266,0.050616667,0.0514
51,41,11,0.04175037,0.041731395,0.062033333,0.0645
11,41,51,0.034992374,0.035121564,0.047816668,0.0491
31,11,71,0.03500912,0.035144713,0.0446,0.0463
11,71,31,0.036597736,0.036487203,0.049016666,0.0503
11,31,71,0.03492348,0.035272382,0.04348333,0.046
71,11,31,0.037600506,0.03765483,0.0521,0.053
31,71,11,0.042196617,0.042009145,0.06451666,0.0645
71,31,11,0.042490758,0.042477723,0.063666664,0.0639
21,41,31,0.03540958,0.035532646,0.048116665,0.0489
21,31,41,0.035366286,0.035583925,0.047,0.0479
41,31,21,0.03715942,0.03725629,0.051316667,0.0516
41,21,31,0.035741434,0.03589167,0.048883334,0.0503
31,21,41,0.03654901,0.036608737,0.046933334,0.0484
31,41,21,0.03714814,0.037117675,0.05175,0.0524
21,21,61,0.033891577,0.03389471,0.042783335,0.0425
61,21,21,0.037536785,0.037558727,0.052133333,0.0541
21,61,21,0.037989583,0.03810885,0.052783333,0.0531
11,41,61,0.03546568,0.035662603,0.045416668,0.0469
41,11,61,0.034645494,0.0346456,0.044183332,0.0436
41,61,11,0.041613333,0.041538183,0.061616667,0.0634
61,41,11,0.0430075,0.0431504,0.066583335,0.069
61,11,41,0.035470065,0.03562133,0.045266666,0.047
11,61,41,0.034983166,0.035135936,0.044883333,0.048
11,81,31,0.035160087,0.035200313,0.045916665,0.047
81,11,31,0.035772122,0.03594605,0.047466666,0.0495
81,31,11,0.041180566,0.041079853,0.062216666,0.0628
11,31,81,0.034181044,0.034614716,0.041566666,0.0417
31,81,11,0.041755136,0.041480526,0.0634,0.063
31,11,81,0.034690857,0.035203468,0.043183334,0.044
51,11,51,0.033850983,0.034054514,0.043166667,0.0452
11,51,51,0.03519826,0.035492927,0.045033332,0.0467
51,51,11,0.041278172,0.041053273,0.063483335,0.0615
31,31,31,0.035098128,0.035362978,0.047533333,0.0503
31,11,91,0.03297647,0.0333081,0.041433334,0.0436
91,31,11,0.042164113,0.04201919,0.0633,0.0628
11,91,31,0.035583273,0.03597172,0.04678333,0.0488
31,91,11,0.041492578,0.04149677,0.0625,0.0609
91,11,31,0.035663284,0.035731345,0.04685,0.048
11,31,91,0.035281934,0.035469595,0.042716667,0.0445
71,21,21,0.03795745,0.038122565,0.050666668,0.0512
21,71,21,0.036617268,0.03653957,0.049533334,0.0518
21,21,71,0.03414735,0.034412578,0.042966668,0.0431
41,71,11,0.041394893,0.041233104,0.062216666,0.0619
41,11,71,0.03388801,0.034161627,0.04085,0.0415
71,41,11,0.04102239,0.041176505,0.06205,0.0615
71,11,41,0.03465295,0.034781396,0.043916665,0.0444
11,41,71,0.034803968,0.035144586,0.042516667,0.0428
11,71,41,0.034190096,0.0346854,0.04355,0.0441
51,31,21,0.037383117,0.037193965,0.05025,0.0513
31,21,51,0.03322189,0.03350465,0.0418,0.0438
21,31,51,0.03434172,0.03469412,0.043516666,0.0435
51,21,31,0.036113866,0.03669036,0.046416666,0.0488
21,51,31,0.035032112,0.03546026,0.04645,0.0476
31,51,21,0.036698934,0.036807735,0.050766665,0.0505
11,51,61,0.03407224,0.03431357,0.042933334,0.0417
51,61,11,0.04100243,0.040954452,0.061433334,0.0611
61,11,51,0.033849888,0.03428382,0.0422,0.0443
11,61,51,0.033684872,0.03397301,0.042033333,0.0438
51,11,61,0.033492245,0.03360412,0.041216668,0.0426
61,51,11,0.041312635,0.04131329,0.061783332,0.0634
41,41,21,0.03738954,0.037344713,0.05145,0.0512
41,21,41,0.033975337,0.03425618,0.042283334,0.0448
21,41,41,0.034411132,0.03471127,0.04215,0.0453
21,21,81,0.032438505,0.03261361,0.0395,0.0407
81,21,21,0.037183166,0.03737514,0.0496,0.0524
21,81,21,0.036752168,0.036816925,0.049366668,0.0518
11,41,81,0.03283594,0.033214558,0.040066667,0.0423
11,81,41,0.03503821,0.03546434,0.042266667,0.0434
81,11,41,0.033755463,0.033974007,0.042633332,0.0429
41,81,11,0.042046923,0.042078566,0.062216666,0.0631
41,11,81,0.032728728,0.033224378,0.03955,0.0416
81,41,11,0.040844273,0.04076702,0.061233334,0.0613
41,31,31,0.034260888,0.03434915,0.043633334,0.0433
31,31,41,0.033037186,0.033423744,0.04045,0.0409
31,41,31,0.033559788,0.033874135,0.042433333,0.0441
61,21,31,0.03414737,0.034308832,0.045083333,0.0453
31,21,61,0.032916367,0.03318135,0.03905,0.0396
21,31,61,0.033328924,0.033856183,0.03915,0.0412
31,61,21,0.036384568,0.036442306,0.046983335,0.0487
61,31,21,0.037127122,0.03745795,0.048666667,0.0514
21,61,31,0.034030914,0.034324292,0.0435,0.0431
51,11,71,0.031160358,0.03145969,0.03643333,0.0377
71,11,51,0.033084735,0.03359526,0.040733334,0.0428
11,51,71,0.03239851,0.032677595,0.0409,0.0429
51,71,11,0.04121461,0.04121454,0.062066667,0.0628
11,71,51,0.03229531,0.032704815,0.03865,0.0401
71,51,11,0.040690478,0.040727854,0.06271667,0.0642
21,91,21,0.036164943,0.036267977,0.047866665,0.0475
91,21,21,0.036650773,0.03693633,0.04961667,0.0514
21,21,91,0.032950163,0.03345805,0.0384,0.0397
61,11,61,0.03272322,0.03297754,0.03915,0.0407
61,61,11,0.042476736,0.04231306,0.0622,0.0616
11,61,61,0.032469586,0.033047922,0.03865,0.0405
41,91,11,0.040848054,0.04067758,0.062233333,0.0609
11,91,41,0.03247626,0.032917563,0.04095,0.0425
41,11,91,0.032397278,0.03282601,0.03816667,0.0421
91,11,41,0.03377236,0.03402327,0.0403,0.0415
91,41,11,0.040638242,0.040673885,0.06215,0.0636
11,41,91,0.03265351,0.033219103,0.0365,0.0382
51,21,41,0.03341986,0.033813,0.04083333,0.0429
41,51,21,0.03604217,0.036310486,0.045333333,0.0481
21,51,41,0.033282913,0.033640586,0.041083332,0.0423
21,41,51,0.032141984,0.03275123,0.038533334,0.0429
51,41,21,0.035703972,0.035738796,0.0465,0.0481
41,21,51,0.032414947,0.032768,0.039383333,0.0411
81,51,11,0.040557608,0.040470462,0.059483334,0.0604
81,11,51,0.032767206,0.032844037,0.039616667,0.0408
11,51,81,0.031846788,0.03228278,0.037283335,0.0399
51,11,81,0.031073673,0.03154132,0.03605,0.0362
51,81,11,0.039065037,0.03918162,0.05925,0.0581
11,81,51,0.031232776,0.03156912,0.03645,0.0385
21,31,71,0.032013193,0.03238354,0.0366,0.0388
31,71,21,0.035858136,0.03600357,0.048716668,0.0515
71,21,31,0.033252478,0.033399984,0.04155,0.0426
31,21,71,0.031154856,0.03169192,0.03708333,0.039
21,71,31,0.033842433,0.03406364,0.04191667,0.043
71,31,21,0.036431015,0.036509547,0.047233332,0.0476
61,71,11,0.04126527,0.041161686,0.061816666,0.0609
71,11,61,0.032033358,0.032313257,0.038083334,0.0395
61,11,71,0.030503519,0.031083347,0.035583332,0.0379
71,61,11,0.040352035,0.04041134,0.05951667,0.0605
11,71,61,0.031824075,0.03233188,0.03751667,0.0398
11,61,71,0.032135416,0.032552484,0.036483333,0.0389
31,31,51,0.031222057,0.031751234,0.03755,0.04
31,51,31,0.034965824,0.03527848,0.043116666,0.0447
51,31,31,0.035082646,0.03517185,0.044816665,0.0448
51,91,11,0.039994486,0.0401673,0.058633335,0.0611
51,11,91,0.03138628,0.03178614,0.03625,0.0369
11,51,91,0.030414034,0.030695818,0.0353,0.036
91,11,51,0.031516027,0.031996835,0.037466668,0.0393
11,91,51,0.03204413,0.03247837,0.037166666,0.0379
91,51,11,0.03996166,0.03991798,0.06105,0.0621
41,41,31,0.033403732,0.033858478,0.04115,0.0425
41,31,41,0.032996442,0.03335841,0.039133333,0.039
31,41,41,0.031533785,0.031709712,0.03785,0.0408
61,21,41,0.03203878,0.032487787,0.037966665,0.0396
61,41,21,0.036437314,0.03655764,0.047116667,0.0476
21,41,61,0.030993024,0.031749222,0.035516668,0.0377
41,61,21,0.035410672,0.035818435,0.045016665,0.0466
21,61,41,0.031772215,0.032250904,0.03845,0.0409
41,21,61,0.030848922,0.031077037,0.035016667,0.0365
21,81,31,0.03347155,0.034089565,0.0405,0.0427
31,21,81,0.030804818,0.031331673,0.033983335,0.0358
81,21,31,0.033241667,0.033370715,0.04235,0.043
31,81,21,0.035400342,0.03561892,0.0472,0.0496
21,31,81,0.030208783,0.03072696,0.035716668,0.0369
81,31,21,0.036379892,0.0365303,0.0468,0.0475
11,61,81,0.030569661,0.03102666,0.035633333,0.0369
81,11,61,0.031456657,0.032021824,0.036183335,0.0382
61,81,11,0.04080276,0.04076121,0.059716668,0.0584
81,61,11,0.04099625,0.040888708,0.061033335,0.0607
61,11,81,0.031629164,0.03209294,0.0364,0.0377
11,81,61,0.03035987,0.030859085,0.035383333,0.0381
51,21,51,0.032238334,0.03264882,0.03765,0.0396
51,51,21,0.03508989,0.035375427,0.04568333,0.0492
21,51,51,0.032083366,0.032368578,0.03735,0.0388
71,11,71,0.030430827,0.030959547,0.034333333,0.0373
11,71,71,0.029670497,0.030276721,0.034933332,0.0372
71,71,11,0.040383328,0.04061702,0.056266665,0.0567
61,31,31,0.033050977,0.033607587,0.03985,0.0395
31,61,31,0.033735827,0.034008827,0.039816666,0.0415
31,31,61,0.03051177,0.031137241,0.03578333,0.0382
21,31,91,0.029698577,0.030325722,0.032433335,0.0364
21,91,31,0.032497637,0.032917183,0.041233335,0.0431
91,31,21,0.035039626,0.035262875,0.0459,0.047
31,91,21,0.03449585,0.034597427,0.04605,0.047
91,21,31,0.033151284,0.033697996,0.039333332,0.042
31,21,91,0.03126365,0.031776935,0.0345,0.0378
61,11,91,0.029759098,0.030377572,0.03295,0.0358
11,91,61,0.030349277,0.030742507,0.034016665,0.034
11,61,91,0.029936334,0.030543387,0.033366665,0.0362
61,91,11,0.03994982,0.040123165,0.058566667,0.0599
91,11,61,0.03152327,0.032009438,0.035033334,0.0355
91,61,11,0.040513597,0.04040027,0.060316667,0.0608
41,21,71,0.030376438,0.031293906,0.032566667,0.0352
71,21,41,0.031582057,0.032123927,0.0378,0.0426
71,41,21,0.03639322,0.036673967,0.046116665,0.048
21,71,41,0.031429917,0.031905077,0.036083333,0.0384
41,71,21,0.03528709,0.03539396,0.045916665,0.0474
21,41,71,0.03075365,0.03125261,0.0353,0.0365
11,81,71,0.030024564,0.030554162,0.0333,0.0355
71,81,11,0.039430805,0.03947945,0.059366666,0.0602
81,71,11,0.041063692,0.040982228,0.05995,0.059
81,11,71,0.029921925,0.03055494,0.033883333,0.0353
71,11,81,0.028875234,0.029567344,0.031766668,0.0349
11,71,81,0.030140469,0.030639367,0.032833334,0.0352
51,41,31,0.032309562,0.03278663,0.03935,0.0404
41,51,31,0.032680497,0.032985825,0.039116666,0.0408
31,51,41,0.03146904,0.03192305,0.036166668,0.038
31,41,51,0.0303328,0.031016042,0.034666665,0.0364
41,31,51,0.03094327,0.031617917,0.036116667,0.0391
51,31,41,0.031618036,0.03195097,0.0362,0.0374
51,61,21,0.03515518,0.03532816,0.0459,0.0456
61,21,51,0.031329755,0.031945355,0.0354,0.0367
21,51,61,0.03038292,0.030922355,0.034083333,0.0361
61,51,21,0.036065903,0.03641575,0.046733335,0.0491
51,21,61,0.03084957,0.031442102,0.03335,0.0362
21,61,51,0.030837363,0.031208105,0.035933334,0.0372
31,31,71,0.029622976,0.030190993,0.033683334,0.0349
31,71,31,0.033268582,0.033400696,0.03971667,0.0406
71,31,31,0.032663964,0.033006545,0.039833333,0.0401
41,41,41,0.031620227,0.032216895,0.036683332,0.0395
21,41,81,0.03008536,0.030597005,0.032516666,0.0369
81,41,21,0.034956492,0.035296563,0.0478,0.0473
21,81,41,0.03220582,0.03270441,0.035766665,0.0357
81,21,41,0.032383587,0.03288569,0.037766665,0.0402
41,21,81,0.029710088,0.030469831,0.03315,0.0356
41,81,21,0.034180693,0.034375045,0.045433335,0.046
11,91,71,0.030112734,0.030752849,0.033416666,0.0349
91,71,11,0.040969253,0.040990055,0.06035,0.0604
11,71,91,0.030357953,0.031341925,0.0318,0.0346
71,91,11,0.039867863,0.04001121,0.05765,0.0583
71,11,91,0.029147392,0.029757967,0.031266667,0.033
91,11,71,0.029566057,0.030289993,0.033283334,0.0361
81,11,81,0.029737454,0.030483127,0.0324,0.0348
11,81,81,0.03023907,0.030792156,0.032333333,0.0342
81,81,11,0.039544366,0.039663818,0.0584,0.0589
21,51,71,0.029833004,0.030540532,0.03285,0.033
71,51,21,0.03502648,0.035257023,0.0447,0.0463
71,21,51,0.03031423,0.030927388,0.03265,0.0353
51,71,21,0.034118123,0.034371812,0.045033332,0.0479
51,21,71,0.029711302,0.03026474,0.032383334,0.0336
21,71,51,0.030636013,0.031192526,0.0331,0.0337
61,31,41,0.030369505,0.030815031,0.0347,0.037
31,41,61,0.029126761,0.029748885,0.0314,0.033
61,41,31,0.03194113,0.03255584,0.039466668,0.0412
31,61,41,0.031020364,0.03170507,0.03455,0.0368
41,31,61,0.02969899,0.030323474,0.032466665,0.0357
41,61,31,0.03173717,0.032156136,0.03835,0.0401
31,31,81,0.029607568,0.029999826,0.031416666,0.0334
81,31,31,0.031145908,0.031582095,0.037166666,0.0393
31,81,31,0.032192968,0.032544322,0.03575,0.0384
21,61,61,0.029780498,0.030496396,0.031916667,0.0346
61,21,61,0.030411225,0.0311385,0.032516666,0.0351
61,61,21,0.033426385,0.033832185,0.043466665,0.0457
41,91,21,0.034757324,0.03517354,0.042883333,0.0441
41,21,91,0.029659446,0.03038358,0.03201667,0.0339
21,91,41,0.03138296,0.03171227,0.036866665,0.0384
91,21,41,0.030851666,0.031306192,0.035083335,0.0377
21,41,91,0.029101508,0.029570112,0.030183334,0.0326
91,41,21,0.03412935,0.034441058,0.0437,0.0448
51,31,51,0.030500641,0.031018008,0.033216666,0.0351
51,51,31,0.032136496,0.032578148,0.0381,0.0403
31,51,51,0.030081455,0.030590389,0.033333335,0.0337
91,11,81,0.028564537,0.029456498,0.0308,0.0337
91,81,11,0.040440504,0.040461704,0.056583334,0.0577
81,91,11,0.039946835,0.03993092,0.058066666,0.0583
81,11,91,0.02885503,0.029577842,0.031216666,0.0339
11,81,91,0.028700586,0.029348275,0.031183334,0.0334
11,91,81,0.02937209,0.03001964,0.0307,0.0309
41,51,41,0.029812861,0.030558638,0.0342,0.0375
41,41,51,0.030911611,0.031559963,0.033816665,0.0356
51,41,41,0.030388538,0.031024517,0.03595,0.0384
51,21,81,0.029761996,0.030327061,0.0305,0.0335
81,21,51,0.030543085,0.03128115,0.033283334,0.0375
21,81,51,0.03019667,0.030748848,0.031516667,0.0328
51,81,21,0.03379227,0.03414328,0.042583335,0.0441
81,51,21,0.035272717,0.035587348,0.042783335,0.0475
21,51,81,0.028989512,0.029683981,0.03045,0.0333
31,91,31,0.032204837,0.03272893,0.038883332,0.0423
31,31,91,0.029342197,0.030219723,0.0306,0.0335
91,31,31,0.03187611,0.03221687,0.037566666,0.0411
41,31,71,0.029540397,0.03041701,0.032216668,0.0352
71,41,31,0.03264939,0.033185486,0.037183333,0.039
31,41,71,0.02879821,0.029386573,0.03175,0.0345
31,71,41,0.030298995,0.0308556,0.033566665,0.0355
71,31,41,0.029854203,0.030358953,0.033316668,0.0361
41,71,31,0.03133679,0.03174959,0.037916668,0.0374
61,71,21,0.03432842,0.03457869,0.04193333,0.044
21,71,61,0.029394671,0.030178461,0.031633332,0.0356
71,61,21,0.034801237,0.03513415,0.0451,0.0464
21,61,71,0.028868994,0.029509658,0.030433333,0.0319
71,21,61,0.02911744,0.029622277,0.031016666,0.0333
61,21,71,0.028843438,0.029709436,0.030416667,0.0339
91,91,11,0.040148556,0.040164594,0.05906667,0.0589
91,11,91,0.028677832,0.029685574,0.029183334,0.0317
11,91,91,0.028496543,0.029104467,0.029916666,0.0328
61,31,51,0.029122181,0.029824821,0.031683333,0.0358
31,61,51,0.029204817,0.029745886,0.031116666,0.033
61,51,31,0.03302785,0.033800516,0.036916666,0.0397
31,51,61,0.028659636,0.02954825,0.030266667,0.0322
51,61,31,0.031982154,0.032423798,0.03725,0.0379
51,31,61,0.028520208,0.029274091,0.0298,0.033
21,51,91,0.028179385,0.029061502,0.028716667,0.0314
21,91,51,0.029996246,0.0305711,0.03158333,0.0325
91,21,51,0.030591892,0.03109701,0.03248333,0.0353
91,51,21,0.034500174,0.03487187,0.045266666,0.0466
51,91,21,0.035319153,0.035702106,0.043183334,0.0449
51,21,91,0.028379522,0.029268054,0.028483333,0.033
41,61,41,0.031171858,0.03169275,0.0341,0.0345
61,41,41,0.031623054,0.032186233,0.03415,0.0343
41,41,61,0.028131347,0.028972542,0.028716667,0.0313
41,81,31,0.03165556,0.03220045,0.03816667,0.0393
31,81,41,0.031543244,0.032158546,0.032766666,0.0346
81,41,31,0.03119796,0.03169384,0.03565,0.0384
31,41,81,0.028584395,0.029286873,0.02985,0.0308
41,31,81,0.028161807,0.02879903,0.029933333,0.0321
81,31,41,0.030080033,0.030808294,0.032766666,0.0356
81,21,61,0.029136611,0.029768161,0.0299,0.0314
61,81,21,0.033750735,0.034196142,0.0429,0.0445
81,61,21,0.034350835,0.034750253,0.0433,0.045
61,21,81,0.028308412,0.029171687,0.028883334,0.0304
21,81,61,0.028021267,0.028665075,0.02935,0.0334
21,61,81,0.028576018,0.029483592,0.028033333,0.0299
71,71,21,0.033692013,0.033870015,0.042183332,0.0419
71,21,71,0.028563695,0.029254146,0.029233333,0.0328
21,71,71,0.028301107,0.029113796,0.028466666,0.0321
41,51,51,0.028921934,0.029342689,0.030466666,0.0322
51,41,51,0.029600127,0.03043121,0.03155,0.0346
51,51,41,0.030651927,0.031203711,0.032833334,0.0351
31,71,51,0.02926903,0.029871866,0.031033333,0.0334
51,71,31,0.031247005,0.031832375,0.036483333,0.0381
71,31,51,0.029024525,0.029652134,0.03015,0.0324
51,31,71,0.028503079,0.029128378,0.02925,0.0303
31,51,71,0.028375449,0.029162474,0.028533334,0.0315
71,51,31,0.03152295,0.03181065,0.036016665,0.0372
31,61,61,0.029365772,0.029997403,0.029416667,0.0302
61,31,61,0.02870541,0.029789865,0.02955,0.0317
61,61,31,0.031428102,0.03209748,0.035533335,0.0382
31,91,41,0.030009909,0.030613303,0.03135,0.0344
41,31,91,0.02758596,0.028488578,0.027316667,0.0306
31,41,91,0.027930794,0.028719883,0.027666667,0.0312
41,91,31,0.031795416,0.032338306,0.035266668,0.0371
91,31,41,0.029844537,0.030553423,0.032783333,0.0358
91,41,31,0.033063278,0.033620838,0.039983332,0.0441
91,61,21,0.03453743,0.0348726,0.043933332,0.0444
21,91,61,0.028859122,0.029644307,0.02895,0.0327
61,21,91,0.028118066,0.029030627,0.027816666,0.0318
91,21,61,0.028737143,0.029441992,0.028983334,0.0315
61,91,21,0.03479582,0.035108473,0.0437,0.0475
21,61,91,0.027295422,0.0282167,0.026616666,0.0294
71,41,41,0.031115515,0.03201265,0.03365,0.0359
41,71,41,0.030639835,0.03137154,0.032066666,0.0363
41,41,71,0.028697561,0.029532185,0.028333334,0.0313
21,81,71,0.028227696,0.02899041,0.028866667,0.0318
81,21,71,0.028110921,0.028906647,0.028916666,0.0343
81,71,21,0.03425754,0.034591153,0.042816665,0.0447
71,21,81,0.027080318,0.028015677,0.026983334,0.0306
21,71,81,0.02776976,0.028687615,0.028266666,0.0305
71,81,21,0.033598017,0.03378372,0.04065,0.0415
51,61,41,0.029848604,0.030430315,0.030866666,0.033
61,51,41,0.029084614,0.029729461,0.03158333,0.0356
61,41,51,0.029553443,0.03035798,0.030616667,0.0329
41,61,51,0.029055387,0.029645469,0.031016666,0.0318
41,51,61,0.02878954,0.029461784,0.0293,0.0321
51,41,61,0.02842401,0.029049387,0.029783333,0.0318
31,51,81,0.028668158,0.029455777,0.02805,0.0314
51,31,81,0.026928768,0.027871069,0.027533334,0.0305
51,81,31,0.03209519,0.03251816,0.03575,0.0383
81,51,31,0.03028916,0.030960437,0.035266668,0.039
31,81,51,0.0284519,0.029028729,0.02915,0.0306
81,31,51,0.028505743,0.029057056,0.0293,0.0327
51,51,51,0.028932601,0.029838284,0.029483333,0.0327
71,61,31,0.030769251,0.031177778,0.035216667,0.0354
31,61,71,0.027883735,0.028470863,0.027483333,0.0285
71,31,61,0.028780894,0.029551947,0.02785,0.031
31,71,61,0.027969714,0.028494097,0.02945,0.0318
61,71,31,0.030649511,0.031307127,0.033966668,0.0371
61,31,71,0.027327826,0.028095054,0.026383333,0.03
71,91,21,0.03309519,0.03343447,0.0409,0.0437
91,21,71,0.027472211,0.028488614,0.02695,0.0302
91,71,21,0.033516306,0.033943087,0.0406,0.0431
21,91,71,0.02714725,0.027839456,0.027233334,0.0288
21,71,91,0.027873248,0.028666383,0.026183333,0.0293
71,21,91,0.027278574,0.028066805,0.026466666,0.0293
41,81,41,0.029142668,0.029642133,0.0316,0.0338
41,41,81,0.027451394,0.028255075,0.02685,0.0293
81,41,41,0.028875014,0.029454738,0.030566666,0.034
81,81,21,0.03400983,0.03451046,0.0414,0.0442
21,81,81,0.027310504,0.028114226,0.027133333,0.0306
81,21,81,0.027373541,0.028340245,0.026416667,0.0294
31,91,51,0.02939434,0.030372385,0.028033333,0.0304
91,51,31,0.030819135,0.031255156,0.034916665,0.0374
31,51,91,0.026649538,0.027607586,0.025733333,0.0288
91,31,51,0.028094972,0.028833179,0.029433334,0.0311
51,91,31,0.031002263,0.031481013,0.034616668,0.0368
51,31,91,0.027181115,0.028125761,0.026416667,0.0294
41,51,71,0.028022442,0.028874548,0.028233333,0.0311
71,41,51,0.029969223,0.030649448,0.030433333,0.032
51,41,71,0.027257646,0.028319502,0.026716666,0.0288
71,51,41,0.029879926,0.030543277,0.031516667,0.0324
51,71,41,0.029962048,0.030521745,0.031783335,0.0338
41,71,51,0.028865367,0.029950479,0.029566666,0.0328
61,41,61,0.027781373,0.028585682,0.02685,0.0302
41,61,61,0.027816288,0.028611196,0.026533334,0.0298
61,61,41,0.029417107,0.030056309,0.03105,0.035
41,41,91,0.026564322,0.027377984,0.024866667,0.0281
91,41,41,0.029974753,0.03077488,0.0309,0.0337
41,91,41,0.029277187,0.030075766,0.03015,0.0341
31,61,81,0.027421162,0.028444149,0.025866667,0.0293
81,61,31,0.031016048,0.031446118,0.03595,0.0382
61,31,81,0.026614558,0.027489204,0.0253,0.0284
31,81,61,0.027244486,0.02787827,0.027566666,0.0304
61,81,31,0.030671341,0.031228252,0.034633335,0.0364
81,31,61,0.027513131,0.028476601,0.0278,0.0309
91,21,81,0.027180746,0.028136002,0.025733333,0.0282
21,81,91,0.027598705,0.028617047,0.02655,0.0288
81,21,91,0.02686968,0.027681354,0.025433334,0.03
91,81,21,0.0335756,0.033939727,0.04045,0.0428
81,91,21,0.033141356,0.03358641,0.039633334,0.0419
21,91,81,0.027311347,0.028338261,0.025416667,0.0282
31,71,71,0.02719626,0.028211575,0.026083333,0.0289
71,71,31,0.030894218,0.031380333,0.036316667,0.0381
71,31,71,0.027383829,0.028244143,0.02685,0.0304
51,51,61,0.027626676,0.028280463,0.028433334,0.0312
61,51,51,0.028452402,0.029257927,0.0299,0.0339
51,61,51,0.02829273,0.028849704,0.028816666,0.0309
51,41,81,0.02760057,0.028501011,0.025366666,0.0279
41,81,51,0.028742574,0.029392976,0.029716667,0.0322
81,41,51,0.029734109,0.030710422,0.028566666,0.0315
81,51,41,0.030038614,0.030779077,0.031133333,0.0342
41,51,81,0.026741697,0.02747837,0.025333334,0.027
51,81,41,0.030267421,0.030720286,0.032183334,0.034
31,61,91,0.02651605,0.02751764,0.02415,0.0281
61,91,31,0.031891756,0.032626808,0.03565,0.0375
31,91,61,0.027070006,0.028168708,0.02725,0.0311
61,31,91,0.02675173,0.027745398,0.025266666,0.0286
91,61,31,0.03033959,0.031165456,0.03425,0.0376
91,31,61,0.029500276,0.030197661,0.02985,0.0309
91,91,21,0.032942254,0.033481106,0.040683333,0.043
21,91,91,0.026383733,0.027605884,0.025566667,0.0288
91,21,91,0.0264346,0.027268227,0.025066666,0.0278
61,41,71,0.027214449,0.028155394,0.02615,0.0301
71,41,61,0.027602617,0.028465787,0.02615,0.03
71,61,41,0.028784577,0.02977649,0.02975,0.0345
61,71,41,0.02927766,0.029877981,0.029666666,0.0325
41,61,71,0.02703168,0.027990298,0.0254,0.0296
41,71,61,0.027921576,0.028825983,0.02665,0.0289
71,31,81,0.026503567,0.027566385,0.02475,0.0283
31,71,81,0.026377795,0.02738736,0.023766667,0.0281
31,81,71,0.027695566,0.028341204,0.026,0.0272
81,31,71,0.02782079,0.028727021,0.025383333,0.0277
81,71,31,0.030920323,0.03137462,0.0332,0.0343
71,81,31,0.030420514,0.03082566,0.03335,0.0364
51,51,71,0.02719828,0.028154684,0.02525,0.0289
51,71,51,0.028024219,0.028788881,0.028783333,0.0341
71,51,51,0.02886278,0.02982969,0.027933333,0.0311
61,61,51,0.028320823,0.028930478,0.0278,0.0302
51,61,61,0.027263183,0.028091533,0.026533334,0.0299
61,51,61,0.027666835,0.02853397,0.026366666,0.0292
91,41,51,0.028434554,0.028979223,0.0282,0.0299
91,51,41,0.029275183,0.02998865,0.030616667,0.0346
41,91,51,0.028180003,0.029183056,0.0278,0.0286
51,91,41,0.028481944,0.029136721,0.03,0.0322
41,51,91,0.026177077,0.027162798,0.0243,0.0279
51,41,91,0.026787039,0.027644975,0.023683334,0.0273
71,91,31,0.030435164,0.030993026,0.0335,0.0369
31,71,91,0.026197635,0.027293092,0.023183333,0.0276
91,71,31,0.030337943,0.030600047,0.034183335,0.0368
91,31,71,0.026264768,0.027327603,0.024,0.0267
31,91,71,0.027059112,0.028045751,0.024666667,0.0278
71,31,91,0.026003713,0.0272186,0.023916667,0.0273
41,81,61,0.027932031,0.028939847,0.025766667,0.0301
81,61,41,0.029215332,0.029957678,0.030283334,0.0329
41,61,81,0.026908785,0.027660364,0.025483333,0.029
61,81,41,0.02895691,0.02989667,0.028833333,0.0314
61,41,81,0.025952427,0.026924387,0.02375,0.0283
81,41,61,0.028446188,0.029385544,0.027033333,0.0302
31,81,81,0.02633311,0.027496716,0.025016667,0.0287
81,31,81,0.026942942,0.028072258,0.024416666,0.0292
81,81,31,0.030516338,0.031125627,0.034833334,0.0369
71,71,41,0.028131803,0.028875932,0.028766667,0.0314
41,71,71,0.026792802,0.027575202,0.0261,0.0286
71,41,71,0.027919117,0.028819295,0.02385,0.0263
81,51,51,0.028149325,0.028989209,0.0272,0.03
51,51,81,0.026370704,0.027281111,0.024116667,0.0275
51,81,51,0.028368894,0.02901142,0.0269,0.0294
61,51,71,0.026613396,0.027490808,0.025233334,0.0286
71,61,51,0.027270956,0.028138481,0.0262,0.0295
71,51,61,0.026695551,0.027598355,0.024866667,0.0289
51,61,71,0.027124478,0.028056774,0.024533333,0.0277
51,71,61,0.027414886,0.028406631,0.02635,0.0298
61,71,51,0.027858138,0.028801203,0.0271,0.0298
61,61,61,0.027806904,0.028602516,0.026883334,0.0298
91,41,61,0.027169185,0.028246248,0.0255,0.031
41,61,91,0.026586615,0.02773505,0.023733333,0.028
61,91,41,0.029473554,0.030506548,0.029816667,0.0313
41,91,61,0.026660735,0.027437752,0.026066666,0.0288
61,41,91,0.02688879,0.027702373,0.023566667,0.0274
91,61,41,0.029178707,0.030022725,0.029533334,0.0315
31,81,91,0.025495479,0.026333034,0.023133334,0.0279
31,91,81,0.025850086,0.026944477,0.022216666,0.0261
91,81,31,0.030723691,0.031208389,0.033216666,0.0353
81,91,31,0.030913109,0.031790365,0.0334,0.0375
91,31,81,0.02597065,0.026758667,0.023866666,0.0274
81,31,91,0.02609157,0.027284527,0.022816667,0.027
41,81,71,0.026645811,0.027688513,0.02325,0.0272
71,41,81,0.02602415,0.027053049,0.02385,0.0283
81,41,71,0.0268954,0.027838483,0.024666667,0.0282
41,71,81,0.025879394,0.026901435,0.022633333,0.0267
81,71,41,0.02865642,0.029371645,0.029066667,0.031
71,81,41,0.028458318,0.029263185,0.02945,0.0335
91,51,51,0.028082604,0.028860368,0.0259,0.0293
51,51,91,0.025948942,0.027114406,0.021916667,0.0253
51,91,51,0.028044343,0.02897667,0.02775,0.0301
51,61,81,0.025655603,0.026673196,0.023316666,0.0257
61,81,51,0.027177189,0.02823188,0.025633333,0.0303
81,61,51,0.02849781,0.02928425,0.027233334,0.0303
81,51,61,0.027084814,0.02779339,0.025683334,0.0297
61,51,81,0.026119318,0.027289243,0.023233334,0.0277
51,81,61,0.027034843,0.028223237,0.024666667,0.0288
91,31,91,0.024963506,0.026030915,0.0219,0.0273
31,91,91,0.02663771,0.027618269,0.022916667,0.0271
91,91,31,0.030714935,0.031349678,0.032783333,0.0357
51,71,71,0.02630883,0.027135815,0.024133334,0.0259
71,71,51,0.028540215,0.029291322,0.026483333,0.0288
71,51,71,0.026395667,0.027655862,0.0232,0.0273
61,71,61,0.027142555,0.028232163,0.024916667,0.0283
61,61,71,0.026271492,0.027165815,0.023433333,0.0271
71,61,61,0.026825732,0.027908582,0.02565,0.0283
71,41,91,0.025572572,0.02691346,0.023233334,0.0275
91,71,41,0.028405918,0.029224753,0.02835,0.0328
41,91,71,0.027327953,0.02827585,0.024383333,0.0264
41,71,91,0.026054714,0.02726337,0.022683334,0.027
71,91,41,0.029997608,0.030862281,0.03,0.0339
91,41,71,0.026040029,0.027275296,0.0236,0.0271
81,81,41,0.02854261,0.029392602,0.028333334,0.0297
81,41,81,0.026176915,0.027225241,0.021383334,0.0263
41,81,81,0.02643723,0.027385047,0.022683334,0.0267
51,91,61,0.026509063,0.027363481,0.023666667,0.0265
61,51,91,0.025457678,0.026578372,0.021866666,0.0262
51,61,91,0.026134744,0.027243745,0.022066666,0.0259
91,51,61,0.027113276,0.028296413,0.024783334,0.0275
61,91,51,0.028418636,0.029016279,0.026683334,0.0293
91,61,51,0.028075714,0.028732022,0.02725,0.0293
81,51,71,0.026105767,0.027165359,0.023566667,0.0277
51,71,81,0.02594605,0.026946686,0.0235,0.0273
71,81,51,0.026873864,0.02763487,0.026316667,0.0301
81,71,51,0.026940139,0.027858332,0.026166666,0.0288
51,81,71,0.026364915,0.027573604,0.024283333,0.0277
71,51,81,0.02657899,0.027739074,0.022766666,0.026
61,61,81,0.026207548,0.027311828,0.0216,0.0266
81,61,61,0.026602903,0.027610792,0.025466667,0.0285
61,81,61,0.026994009,0.02788561,0.0251,0.0277
91,81,41,0.028997276,0.02981438,0.0267,0.03
81,41,91,0.026158059,0.027125336,0.0219,0.0241
41,81,91,0.026019255,0.027119935,0.023316666,0.0288
81,91,41,0.028793825,0.029500762,0.027633334,0.0299
91,41,81,0.025798542,0.026934182,0.02275,0.026
41,91,81,0.02529942,0.026480861,0.022633333,0.0277
61,71,71,0.026824955,0.027867632,0.0234,0.027
71,61,71,0.02702979,0.028005827,0.023716666,0.0279
71,71,61,0.026941616,0.027750041,0.025216667,0.0286
71,91,51,0.027674476,0.028548859,0.02625,0.03
91,51,71,0.026878098,0.027765062,0.0233,0.0289
71,51,91,0.025466835,0.026506864,0.022033334,0.0261
51,71,91,0.024475358,0.025772678,0.021083333,0.0252
91,71,51,0.028051514,0.028779354,0.0254,0.0292
51,91,71,0.02569392,0.026816582,0.023416666,0.0272
81,81,51,0.027304733,0.028231565,0.026533334,0.0307
51,81,81,0.026033666,0.027084233,0.023216667,0.0265
81,51,81,0.025875015,0.026947329,0.023033334,0.0264
91,61,61,0.028361233,0.029238945,0.02525,0.0294
61,91,61,0.026625367,0.027471103,0.02355,0.0271
61,61,91,0.026388204,0.027568363,0.0219,0.0262
91,41,91,0.025371516,0.026496328,0.021733332,0.0269
91,91,41,0.029068902,0.030080905,0.0288,0.0336
41,91,91,0.02624204,0.02717837,0.02235,0.0258
61,71,81,0.025899166,0.026847124,0.0222,0.0258
61,81,71,0.026028264,0.027066562,0.023183333,0.0268
81,61,71,0.025908606,0.02695015,0.022766666,0.0267
81,71,61,0.0266491,0.027569028,0.023683334,0.0256
71,81,61,0.026829235,0.028050657,0.023716666,0.0281
71,61,81,0.025725843,0.026784102,0.022683334,0.0255
71,71,71,0.025464794,0.02670706,0.022083333,0.0258
51,91,81,0.026020883,0.027135247,0.022166668,0.0266
81,51,91,0.025446549,0.026719444,0.02235,0.0262
91,51,81,0.025326066,0.02646979,0.02125,0.0265
51,81,91,0.025028178,0.026000852,0.019983333,0.025
81,91,51,0.027943792,0.02884895,0.026,0.0295
91,81,51,0.027137939,0.028019732,0.025883334,0.03
91,61,71,0.026929097,0.027888518,0.023583334,0.0262
91,71,61,0.026470767,0.027441407,0.023383332,0.0275
61,91,71,0.027053453,0.028161656,0.023783334,0.0288
71,91,61,0.026611378,0.027689923,0.024183333,0.0279
71,61,91,0.025428211,0.026876222,0.020933334,0.0256
61,71,91,0.024878263,0.026078096,0.020716667,0.0261
61,81,81,0.025686141,0.02672238,0.0231,0.0279
81,61,81,0.025887324,0.027003344,0.021716667,0.0266
81,81,61,0.026253909,0.027393932,0.02285,0.026
71,81,71,0.025246046,0.026277008,0.022133334,0.026
81,71,71,0.02604624,0.027060945,0.022716668,0.0265
71,71,81,0.025048416,0.026108589,0.021266667,0.0249
51,91,91,0.025502345,0.02671278,0.020716667,0.0261
91,91,51,0.029136647,0.030143186,0.0264,0.0315
91,51,91,0.025375623,0.026640557,0.020716667,0.0245
61,81,91,0.024708148,0.02601321,0.020316666,0.0262
81,61,91,0.025356932,0.02667504,0.0198,0.0246
91,61,81,0.025208762,0.026328633,0.02105,0.0242
91,81,61,0.026565053,0.02799366,0.021616668,0.0251
81,91,61,0.026843214,0.027794428,0.0237,0.0271
61,91,81,0.024936464,0.025973462,0.021616668,0.0248
91,71,71,0.026807593,0.028156914,0.0223,0.0271
71,71,91,0.02512373,0.026256934,0.020566666,0.0241
71,91,71,0.025428243,0.026553374,0.022466667,0.0268
81,71,81,0.025197076,0.026480805,0.020583333,0.0254
71,81,81,0.026266638,0.027395323,0.0208,0.0247
81,81,71,0.025691256,0.026803698,0.022916667,0.0272
61,91,91,0.025099786,0.026334986,0.020016667,0.0253
91,91,61,0.026661234,0.027619075,0.0237,0.0265
91,61,91,0.025134835,0.026634894,0.0189,0.0242
71,91,81,0.025283294,0.026421111,0.020166667,0.0249
81,71,91,0.025124533,0.026226673,0.021183332,0.026
91,71,81,0.026313124,0.02724932,0.022033334,0.0261
91,81,71,0.025520837,0.026637467,0.02125,0.0255
81,91,71,0.026959745,0.027860686,0.023066666,0.0264
71,81,91,0.025171474,0.026357932,0.020866666,0.026
81,81,81,0.025594797,0.026782067,0.02075,0.0243
71,91,91,0.024791185,0.025887622,0.020033333,0.0231
91,71,91,0.025337467,0.026722545,0.019333333,0.0247
91,91,71,0.025419366,0.02650886,0.0211,0.0255
81,91,81,0.02539855,0.026704965,0.021183332,0.0257
91,81,81,0.024552317,0.025742631,0.02,0.0241
81,81,91,0.024999326,0.026443487,0.01945,0.0241
91,91,81,0.025708806,0.026971439,0.020416666,0.0253
81,91,91,0.024926005,0.026117222,0.0192,0.0232
91,81,91,0.02567862,0.026907636,0.020766666,0.0239
91,91,91,0.024258878,0.025737591,0.017866667,0.024
